-- MySQL dump 10.13  Distrib 8.0.29, for Linux (x86_64)
--
-- Host: localhost    Database: CKchinhthuc
-- ------------------------------------------------------
-- Server version	8.0.29-0ubuntu0.22.04.2

/*!40101 SET @OLD_CHARACTER_SET_CLIENT=@@CHARACTER_SET_CLIENT */;
/*!40101 SET @OLD_CHARACTER_SET_RESULTS=@@CHARACTER_SET_RESULTS */;
/*!40101 SET @OLD_COLLATION_CONNECTION=@@COLLATION_CONNECTION */;
/*!50503 SET NAMES utf8mb4 */;
/*!40103 SET @OLD_TIME_ZONE=@@TIME_ZONE */;
/*!40103 SET TIME_ZONE='+00:00' */;
/*!40014 SET @OLD_UNIQUE_CHECKS=@@UNIQUE_CHECKS, UNIQUE_CHECKS=0 */;
/*!40014 SET @OLD_FOREIGN_KEY_CHECKS=@@FOREIGN_KEY_CHECKS, FOREIGN_KEY_CHECKS=0 */;
/*!40101 SET @OLD_SQL_MODE=@@SQL_MODE, SQL_MODE='NO_AUTO_VALUE_ON_ZERO' */;
/*!40111 SET @OLD_SQL_NOTES=@@SQL_NOTES, SQL_NOTES=0 */;

--
-- Table structure for table `bacsi`
--

DROP TABLE IF EXISTS `bacsi`;
/*!40101 SET @saved_cs_client     = @@character_set_client */;
/*!50503 SET character_set_client = utf8mb4 */;
CREATE TABLE `bacsi` (
  `mabs` int NOT NULL,
  `hoten` varchar(255) NOT NULL,
  `ngaysinh` varchar(255) NOT NULL,
  `gioitinh` varchar(255) NOT NULL,
  `diachi` varchar(255) NOT NULL,
  `mak` int NOT NULL,
  `kinhnghiem` int DEFAULT NULL,
  PRIMARY KEY (`mabs`),
  KEY `mak` (`mak`),
  CONSTRAINT `bacsi_ibfk_1` FOREIGN KEY (`mak`) REFERENCES `khoadieutri` (`mak`) ON DELETE CASCADE
) ENGINE=InnoDB DEFAULT CHARSET=utf8mb4 COLLATE=utf8mb4_0900_ai_ci;
/*!40101 SET character_set_client = @saved_cs_client */;

--
-- Dumping data for table `bacsi`
--

LOCK TABLES `bacsi` WRITE;
/*!40000 ALTER TABLE `bacsi` DISABLE KEYS */;
INSERT INTO `bacsi` VALUES (1,'Nguyễn Tường Minh','24/07/1980','Nam','Hải Phòng',11,2),(2,'Lê Thế Chung','25/10/1981','Nam','Nghệ An',3,7),(3,'Phạm Thanh Tùng','02/05/1983','Nam','Quảng Ninh',9,1),(4,'Phạm Thị Xuân Mơ','18/11/1981','Nữ','Ninh Bình',10,6),(5,'Nguyễn Thị ánh Tuyết','01/01/1981','Nữ','Hà Nội',23,5),(6,'Vũ Thanh Tùng','29/03/1983','Nam','Hà Nội',3,4),(7,'Nguyễn Huỳnh Như','04/02/1984','Nữ','TP. Hồ Chí Minh',4,2),(8,'Lê Hương Ly','09/12/1984','Nữ','Ninh Bình',1,3),(9,'Đỗ Thị Thuỳ Dung','29/11/1985','Nữ','Hải Hưng',23,1),(10,'Nguyễn Ngọc Ước','10/09/1984','Nam','Bắc Giang',29,2),(11,'Nguyễn Tài Hùng','31/12/1985','Nam','Hưng Yên',20,7),(12,'Trần Thị Thu Trang','18/05/1985','Nữ','Hà Nam',31,8),(13,'Nguyễn Duy Hưng','10/12/1985','Nam','Hà Nội',18,2),(14,'Đỗ Hoàng Tuấn','21/06/1985','Nam','Hà Nội',15,7),(15,'Nguyễn Thị Thu Ngân','25/12/1986','Nữ','Hà Nội',13,5),(16,'Nguyễn Duy Dương','01/06/1985','Nam','Hà Nội',24,7),(17,'Bạch Đăng Sáng','04/08/1986','Nam','Hà Nội',5,10),(18,'Nguyễn Thanh Phượng','28/01/1986','Nữ','Hà Nội',29,8),(19,'Nguyễn Thị Thu Thảo','14/10/1986','Nữ','Phú Thọ',17,9),(20,'Nguyễn Thị Ngọc Linh','11/12/1985','Nữ','Thanh Hóa',9,7),(21,'Nguyễn Hoàng Tùng','25/07/1986','Nam','Hà Nội',29,4),(22,'Vũ Thái Bảo','09/01/1987','Nam','Hà Nội',4,3),(23,'Nguyễn Quang Hưng','18/10/1985','Nam','Hà Nội',2,7),(24,'Dương Thị Hồng Loan','18/12/1984','Nữ','Quảng Ninh',4,9),(25,'Lã Như Hoa','29/11/1987','Nữ','Hà Nội',13,6),(26,'Hoàng Ngọc Hương','19/01/1986','Nữ','Hà Tây',12,2),(27,'Nguyễn Thị Lan','03/02/1988','Nữ','Hà Nội',10,2),(28,'Bùi Gia Khánh','17/09/1986','Nam','Ninh Bình',13,5),(29,'Lê Chí Cường','19/03/1987','Nam','Hà Nam',5,2),(30,'Đỗ Thuỷ Hoa','09/12/1987','Nữ','Bắc Giang',16,5),(31,'Đào Thị Ngọc','29/10/1987','Nữ','Hà Tây',28,10),(32,'Đỗ Như Ngọc','01/12/1987','Nữ','Bắc Giang',23,3),(33,'Phạm Thị Mai','06/05/1986','Nữ','Thanh Hóa',9,10),(34,'Nguyễn Thị Diệp','16/06/1988','Nữ','Hải Dương',24,4),(35,'Nguyễn Minh Trang','09/11/1987','Nữ','Hà Nội',30,6),(36,'Nguyễn Thị Hải Yến','31/12/1988','Nữ','Bắc Giang',29,8),(37,'Nguyễn Sỹ Trường','12/02/1987','Nam','Nghệ An',17,10),(38,'Nguyễn Thị Thanh Huyền','13/11/1988','Nữ','Hà Nội',24,9),(39,'Nguyễn Thị Huyền','28/08/1987','Nữ','Bắc Ninh',16,1),(40,'Nguyễn Gia  Huy','25/10/1988','Nam','Hà Nội',18,6),(41,'Vũ Thị Hương Giang','18/12/1987','Nữ','Hà Nội',18,3),(42,'Nguyễn Khánh  Linh','27/03/1984','Nam','Thanh Hoá',26,8),(43,'Nguyễn Tuyết Trinh','19/01/1988','Nữ','Hà Nội',26,5),(44,'Trần Huyền Thu','23/09/1987','Nữ','Hà Nội',22,10),(45,'Trần Huyền Thu','23/09/1987','Nữ','Hà Nội',21,1),(46,'Nguyễn Đức Cường','05/04/1987','Nam','Thái Bình',19,10),(47,'Lê Minh Đức','12/01/1988','Nam','Hà Nội',22,2),(48,'Cao Minh Hoàng Anh','09/11/1987','Nam','Hải Dương',28,1),(49,'Bùi Minh Đức','25/07/1988','Nam','Hà Nội',2,9),(50,'Cao Thị Hải Yến','19/12/1987','Nữ','Vĩnh Phú',9,3),(51,'Cao Thị Hải Yến','19/12/1987','Nữ','Vĩnh Phú',11,3),(52,'Lê Thuý Lan','29/05/1988','Nữ','Hà Nội',26,7),(53,'Lê Thanh Vân','13/11/1988','Nữ','Hà Nội',22,10),(54,'Nguyễn Phương  Ly','06/12/1988','Nữ','Hà Nội',29,6),(55,'Nguyễn Thị Thanh Huyền','02/12/1988','Nữ','Nam Định',18,1),(56,'Trần Đức Mạnh','20/09/1987','Nam','Ninh Bình',24,5),(57,'Nguyễn Thu Hà','01/04/1987','Nữ','Thanh Hoá',3,8),(58,'Nguyễn Thanh Huyền','29/11/1986','Nữ','Hải Phòng',10,6),(59,'Nguyễn Thị Ngọc  Lan','10/08/1987','Nữ','Hà Tĩnh',30,3),(60,'Ngô Phương  Linh','17/04/1988','Nữ','Hà Nội',31,8),(61,'Nguyễn Trọng  Hưng','25/03/1988','Nam','Hà Tây',18,8),(62,'Ngô Hiền  Lương','18/11/1986','Nữ','Hà Nội',25,7),(63,'Tạ Thị Thu Phương','20/10/1988','Nữ','Hà Nội',24,1),(64,'Hoàng Thị Lan  Oanh','02/02/1987','Nữ','Thanh Hóa',12,6),(65,'Trương Thị Thu Thuỳ','30/04/1986','Nữ','Tuyên Quang',21,4),(66,'Nguyễn Thị  Yến','02/01/1986','Nữ','Hà Nội',17,2),(67,'Nguyễn Thị Năng  Hiền','05/04/1987','Nữ','Bình Định',9,7),(68,'Nguyễn Ngọc  Hùng','03/06/1987','Nam','Hà Nội',16,5),(69,'Nguyễn Ngọc  Tú','20/01/1988','Nữ','Hà Nội',22,7),(70,'Nguyễn Đình Hùng','05/04/1987','Nam','Bắc Ninh',26,3),(71,'Nguyễn Hữu  Hùng','23/06/1988','Nam','Hà Nội',17,1),(72,'Nguyễn Thị Phương Liên','23/03/1988','Nữ','Hải Hưng',17,8),(73,'Đinh Thị  Hiền','26/08/1988','Nữ','Thanh Hoá',3,9),(74,'Đỗ Việt  Hương','02/11/1988','Nữ','Hà Nội',29,5),(75,'Dương Ngọc Vững','23/09/1986','Nam','Bắc Giang',16,6),(76,'Đặng Thị Khánh Ly','31/10/1988','Nữ','Hà Nội',1,3),(77,'Nguyễn Thị Thuỳ Liên','17/07/1987','Nữ','Nam Định',2,3),(78,'Lê Hà  Thu','20/10/1987','Nữ','Hà Tây',11,6),(79,'Trần Bảo  Trung','22/10/1986','Nam','Hà Nội',14,6),(80,'Trần Bảo  Trung','22/10/1986','Nam','Hà Nội',1,10),(81,'Trần Thị  Nga','01/12/1987','Nữ','Bắc Giang',22,10),(82,'Vũ Đức  Thắng','01/10/1986','Nam','Hà Tuyên',6,8),(83,'Nguyễn Minh Phương','22/07/1989','Nữ','Hà Nội',18,10),(84,'Mai Quang Hưng','08/12/1989','Nam','Hà Nội',30,4),(85,'Đặng Duy Khanh','22/08/1989','Nam','Hà Nội',21,2),(86,'Đỗ Thu Hằng','05/06/1988','Nữ','Bắc Giang',20,9),(87,'Vũ Lê Minh Hiếu','19/07/1989','Nữ','Hà Nội',13,3),(88,'Trần Kim Ngọc','21/04/1988','Nữ','Hà Nội',15,3),(89,'Trần Kim Ngọc','21/04/1988','Nữ','Hà Nội',19,6),(90,'Trần Thu Huyền','12/06/1989','Nữ','Hà Nội',14,2),(91,'Nguyễn Thị Phương Loan','23/11/1989','Nữ','Hà Nội',13,5),(92,'Lê Thị Thu Thảo','28/09/1986','Nữ','Hà Nội',21,8),(93,'Nguyễn Tiến Hưng','20/01/1989','Nam','Hà Nội',6,2),(94,'Nguyễn Trung Hiếu','27/07/1989','Nam','Hà Nội',13,8),(95,'Nguyễn Thu Hiền','25/10/1989','Nữ','Quảng Ninh',15,7),(96,'Nguyễn Thu Hiền','25/10/1989','Nữ','Quảng Ninh',24,2),(97,'Hoàng Minh Ngọc','09/01/1990','Nữ','Hà Nội',15,1),(98,'Trần Thị Kim Oanh','30/08/1988','Nữ','Hà Nội',9,3),(99,'Đỗ Thuý Quỳnh','22/12/1989','Nữ','Hà Nội',20,7),(100,'Nguyễn Thị Trúc Giang','24/08/1988','Nữ','Hậu Giang',14,3);
/*!40000 ALTER TABLE `bacsi` ENABLE KEYS */;
UNLOCK TABLES;

--
-- Table structure for table `benh`
--

DROP TABLE IF EXISTS `benh`;
/*!40101 SET @saved_cs_client     = @@character_set_client */;
/*!50503 SET character_set_client = utf8mb4 */;
CREATE TABLE `benh` (
  `mab` int NOT NULL,
  `benh` varchar(255) NOT NULL,
  `mat` int NOT NULL,
  PRIMARY KEY (`mab`),
  KEY `mat` (`mat`),
  CONSTRAINT `benh_ibfk_1` FOREIGN KEY (`mat`) REFERENCES `thuoc` (`mat`) ON DELETE CASCADE
) ENGINE=InnoDB DEFAULT CHARSET=utf8mb4 COLLATE=utf8mb4_0900_ai_ci;
/*!40101 SET character_set_client = @saved_cs_client */;

--
-- Dumping data for table `benh`
--

LOCK TABLES `benh` WRITE;
/*!40000 ALTER TABLE `benh` DISABLE KEYS */;
INSERT INTO `benh` VALUES (1,'Ác lộ',224),(2,'Ác trở',152),(3,'Ách nghịch',263),(4,'Anh khí',286),(5,'Anh lựu',177),(6,'Âm bộ chứng',229),(7,'Âm dưỡng',230),(8,'Âm thoát',144),(9,'Ẩn chẩn',143),(10,'Ẩu thổ',185),(11,'Bạch điến phong',204),(12,'Bách nhật khái',126),(13,'Bạch sương',266),(14,'Bạch thốn trùng',200),(15,'Ban chẩn',212),(16,'Bàng quang nham',47),(17,'Bào cung lựu',34),(18,'Bào cung nham',174),(19,'Băng lậu',124),(20,'Bất dựng',154),(21,'Bế cốt tý',275),(22,'Bế kinh',241),(23,'Bệnh cuồng',100),(24,'Cảm mạo',306),(25,'Cam tích',256),(26,'Can nham',148),(27,'Cân lựu',51),(28,'Cân tý',134),(29,'Cổ trướng',274),(30,'Cốt chiết',169),(31,'Cốt tý',92),(32,'Châm nhãn',100),(33,'Chấn chiên',205),(34,'Chân tâm thống',12),(35,'Chứng quyết',189),(36,'Chứng thoát',3),(37,'Chứng uất',66),(38,'Di niệu',82),(39,'Di tinh',227),(40,'Diện thống',101),(41,'Dương nuy',10),(42,'Dương phong',102),(43,'Dưỡng phong',209),(44,'Đàm trệ',81),(45,'Đầu thống',74),(46,'Đinh sang',12),(47,'Đọa thai',257),(48,'Đới hạ',149),(49,'Đởm nham',204),(50,'Đởm thạch',295),(51,'Ế cách',198),(52,'Giản chứng',200),(53,'Giang lậu',74),(54,'Giang liệt',6),(55,'Giang môn nham',121),(56,'Giang môn ung',257),(57,'Giới sang',187),(58,'Hạ trĩ',224),(59,'Hạc tất phong',79),(60,'Háo suyễn',176),(61,'Hầu âm',144),(62,'Hầu chứng',115),(63,'Hầu nga',18),(64,'Hầu nham',300),(65,'Hầu thống',65),(66,'Hiếp thống',124),(67,'Hỏa nhãn  ',107),(68,'Hỏa thống',214),(69,'Hoàng đản',184),(70,'Hoạt thai',265),(71,'Hồ điệp sang',241),(72,'Hồi trùng',64),(73,'Hung tý',91),(74,'Huyễn vựng',101),(75,'Hư lao',47),(76,'Hưu tức lỵ',117),(77,'Kiên bối tý',120),(78,'Kiện vong',131),(79,'Kim thương',72),(80,'Kính chứng',134),(81,'Kinh đoạn',283),(82,'Kinh thất điều',92),(83,'Khái thấu',8),(84,'Khẩu cam',265),(85,'Khí hư',4),(86,'Khuyết nhũ',278),(87,'Lan nhục',77),(88,'Lâm chứng',55),(89,'Lịch tiết phong',221),(90,'Loa lịch',45),(91,'Loan tý',258),(92,'Long bế',54),(93,'Lỵ tật',163),(94,'Ma chẩn',188),(95,'Ma mộc',107),(96,'Mạch tý',53),(97,'Manh chứng',45),(98,'Mộng tinh',194),(99,'Mục chứng',120),(100,'Não nham',138),(101,'Niệu nham',296),(102,'Niệu trọc',260),(103,'Nội chướng',24),(104,'Nùng chứng',262),(105,'Nuy chứng',93),(106,'Nga trưởng phong',277),(107,'Ngũ trì',228),(108,'Ngược tật',266),(109,'Ngưu bì tiễn',160),(110,'Nha cam',38),(111,'Nha tuyên',120),(112,'Nham chứng khác',220),(113,'Nhĩ cam',58),(114,'Nhĩ đinh',265),(115,'Nhĩ lung',10),(116,'Nhĩ minh',298),(117,'Nhĩ nùng',268),(118,'Nhũ đầu phong',302),(119,'Nhũ lựu',267),(120,'Nhũ nha nham',273),(121,'Nhũ ung',293),(122,'Nhục anh',223),(123,'Nhục lựu',188),(124,'Nhục tý',64),(125,'Nhược thính',265),(126,'Ôn bệnh',29),(127,'Phấn thích',249),(128,'Phế lao',143),(129,'Phế nham',210),(130,'Phế ung',46),(131,'Phong luân chứng',29),(132,'Phù thũng',198),(133,'Phúc thống',163),(134,'Sán khí',166),(135,'Sang thương',140),(136,'Sở nham',99),(137,'Suyễn',236),(138,'Tảo tiết',85),(139,'Tâm quý',100),(140,'Tiện bí',55),(141,'Tiện huyết',248),(142,'Tiền liệt nham',87),(143,'Tiết đinh',191),(144,'Tiết tả',129),(145,'Tiêu khát',153),(146,'Tiểu sản',133),(147,'Tiêu xấu',234),(148,'Tọa cốt phong',121),(149,'Tủy nham',155),(150,'Tụy nham',301),(151,'Tử bạch điến phong',210),(152,'Tự hãn',125),(153,'Tử thống',206),(154,'Tử thũng',248),(155,'Tửu tra tỵ',76),(156,'Tỵ cửu',284),(157,'Tỵ Uyên',102),(158,'Tỳ vị lựu',185),(159,'Tỳ vị nham',262),(160,'Thai lậu',162),(161,'Thanh manh',201),(162,'Thấp cước khí',13),(163,'Thấp chẩn',269),(164,'Thất khứu',58),(165,'Thất miên',298),(166,'Thất ngôn',280),(167,'Thiên đầu thống',261),(168,'Thiệt nham',95),(169,'Thiệt thống',184),(170,'Thoát giang',141),(171,'Thoát phát',303),(172,'Thoát thư',31),(173,'Thổ huyết',80),(174,'Thốc sang',71),(175,'Thống kinh',39),(176,'Thống phong',123),(177,'Thủ cốt chứng',167),(178,'Thủy hoa',191),(179,'Thượng bào hạ thùy',19),(180,'Thương thực',171),(181,'Trá tai',68),(182,'Trẫn huyết',278),(183,'Triền hầu phong',268),(184,'Triền yêu hỏa đan',69),(185,'Trúng phong',190),(186,'Trùng thú cắn',69),(187,'Trúng thử',62),(188,'Trường tích',257),(189,'Vị ngịch',150),(190,'Vị nham',267),(191,'Vị quản thống',148),(192,'Xỉ ngân',142),(193,'Yêu thống',34),(194,'Xỉ thống',46),(195,'Bệnh điên',304);
/*!40000 ALTER TABLE `benh` ENABLE KEYS */;
UNLOCK TABLES;

--
-- Table structure for table `benhnhan`
--

DROP TABLE IF EXISTS `benhnhan`;
/*!40101 SET @saved_cs_client     = @@character_set_client */;
/*!50503 SET character_set_client = utf8mb4 */;
CREATE TABLE `benhnhan` (
  `mabn` int NOT NULL,
  `hoten` varchar(255) NOT NULL,
  `ngaysinh` varchar(255) NOT NULL,
  `gioitinh` varchar(255) NOT NULL,
  `diachi` varchar(255) NOT NULL,
  `dienthoai` varchar(12) DEFAULT NULL,
  `trangthai` int NOT NULL DEFAULT '0',
  PRIMARY KEY (`mabn`)
) ENGINE=InnoDB DEFAULT CHARSET=utf8mb4 COLLATE=utf8mb4_0900_ai_ci;
/*!40101 SET character_set_client = @saved_cs_client */;

--
-- Dumping data for table `benhnhan`
--

LOCK TABLES `benhnhan` WRITE;
/*!40000 ALTER TABLE `benhnhan` DISABLE KEYS */;
INSERT INTO `benhnhan` VALUES (1,'Phạm Thị Thu Thủy','20/04/1990','Nữ','Quảng Ninh','0262667981',0),(2,'Phạm Thị Thu','20/04/1990','Nữ','Quảng Ninh','0216840292',0),(3,'Nguyễn Thị Thu','12/06/1990','Nữ','Hải Dương','0934441635',1),(4,'Nguyễn Lương Dũng','17/11/1990','Nam','Hà Nội','0483598607',1),(5,'Lê Thị Hải Anh','01/06/1990','Nữ','Hà Nội','0694697819',0),(6,'Nguyễn Thị Thu Huyền','07/05/1990','Nữ','Hà Nội','0064326623',0),(7,'Lưu Hà My','08/03/1990','Nữ','Thái Nguyên','0561213237',0),(8,'Nguyễn Thuý An','06/10/1990','Nữ','Hà Nội','0662752192',1),(9,'Tạ Khánh Ly','25/05/1991','Nữ','Hà Nội','0942545309',1),(10,'Phạm Thu Hà','20/01/1991','Nữ','Hà Nội','0064288383',0),(11,'Trịnh Thanh Loan','16/11/1989','Nữ','Hà Nội','0675700686',0),(12,'Trần Thị Thơm','14/11/1990','Nữ','Bắc Ninh','0026355411',1),(13,'Trần Thị Thơm','14/11/1990','Nữ','Bắc Ninh','0164429116',1),(14,'Dương Quỳnh Anh','20/04/1990','Nữ','Hà Nội','0672806318',0),(15,'Phạm Thị Ngọc ánh','09/11/1989','Nữ','Quảng Ninh','0897955029',0),(16,'Trần Mai Hương','11/01/1990','Nữ','Tuyên Quang','0267735421',0),(17,'Nguyễn Thị Ngọc Anh','15/03/1990','Nữ','Hà Nội','0563814807',1),(18,'Nguyễn Duy Khôi','05/02/1990','Nam','Hà Nội','012257356',1),(19,'Lê Thị Vân Anh','26/02/1990','Nữ','Hải Phòng','0348868564',0),(20,'Nguyễn Thị Hồng Ngát','23/09/1990','Nữ','Thái Bình','0118399836',1),(21,'Đặng Thị Mai Anh','24/10/1990','Nữ','Hải Dương','0725927912',0),(22,'Nguyễn Thị Phương Thảo','01/10/1990','Nữ','Hà Tây','0572675856',0),(23,'Hồ Thị Thu Trang','20/02/1990','Nữ','Hà Nội','0588400347',1),(24,'Nguyễn Phương Chi','22/11/1990','Nữ','Bắc Ninh','0122774688',0),(25,'Nguyễn Thị Hương Lan','10/02/1987','Nữ','Hà Nội','0457029687',0),(26,'Phạm Thị Hồng Nhung','10/02/1990','Nữ','Nam Định','0754213584',1),(27,'Nguyễn Mạnh Thắng','16/03/1990','Nam','Yên Bái','0376201168',0),(28,'Nguyễn Mạnh Thắng','16/03/1990','Nam','Yên Bái','0198268976',0),(29,'Đặng Đức Khang','22/12/1990','Nam','Bắc Giang','0945763907',0),(30,'Trần Thị Mùi Linh','25/12/1990','Nữ','Sơn La','0600315394',1),(31,'Phạm Thị Quỳnh Thơ','15/07/1990','Nữ','Hải Dương','0769213441',0),(32,'Trần Thị Phương Anh','18/11/1990','Nữ','Lào Cai','040616626',0),(33,'Nguyễn Tú Linh','20/10/1990','Nữ','Vĩnh Phúc','0180245019',0),(34,'Đào Thị Ngọc Quý','09/09/1990','Nữ','Hà Nam','0471254673',1),(35,'Phạm Thanh Thuỷ','30/07/1990','Nữ','Hòa Bình','0875052154',0),(36,'Trần Thị Lương','18/05/1990','Nữ','Hà Nội','0562406897',0),(37,'Ngô Diệu Anh','05/12/1990','Nữ','Hà Nội','0250999278',1),(38,'Nguyễn Thu Giang','12/02/1991','Nữ','Hà Nội','0033285617',0),(39,'Phạm Bích Huệ','28/08/1990','Nữ','Thái Nguyên','0896031084',1),(40,'Vũ Xuân Huy','14/11/1990','Nam','Bắc Ninh','0184304838',1),(41,'Bùi Thị Mai Hương','04/03/1990','Nữ','Hòa Bình','0272643798',1),(42,'Nguyễn Phương Liên','14/11/1990','Nữ','Bắc Ninh','0808692292',0),(43,'Bùi Thuỳ Linh','18/11/1990','Nữ','Hà Nội','0750050783',0),(44,'Vũ Xuân Quỳnh','22/11/1990','Nữ','Bắc Giang','0277717965',0),(45,'Vũ Xuân Quỳnh','22/11/1990','Nữ','Bắc Giang','0047200382',1),(46,'Lê Thị Ngọc Oanh','25/08/1990','Nữ','Hà Nội','0293628528',1),(47,'Nguyễn Bá Hoà','25/02/1990','Nữ','Phú Thọ','0904072191',1),(48,'Nguyễn Thị Thanh Uyên','12/01/1990','Nữ','Thanh Hóa','0300085632',1),(49,'Lê Thị Mai Giang','28/04/1990','Nữ','Quảng Bình','0472726501',0),(50,'Hoàng Thị Thanh Xuân','04/03/1990','Nữ','Nam Định','0880750848',1),(51,'Nguyễn Thu Hằng','28/07/1989','Nữ','Hà Nội','037143714',0),(52,'Nguyễn Đức Thắng','27/07/1989','Nam','Hà Tây','084648464',1),(53,'Trần Thị Mỹ Hạnh','21/12/1989','Nữ','Hà Nội','072417241',0),(54,'Trần Thị Mỹ Hạnh','21/12/1989','Nữ','Hà Nội','042484248',0),(55,'Nguyễn Kim Anh','31/12/1989','Nữ','Hà Nội','059005900',1),(56,'Lê Xuân Tiến','03/11/1989','Nam','Hà Nội','056375637',1),(57,'Nguyễn Thị Lan Anh','29/02/1988','Nữ','Bắc Ninh','040564056',1),(58,'Vũ Thị Bích Ngọc','07/12/1989','Nữ','Hải Dương','082448244',0),(59,'Đỗ Thanh Hiền','02/02/1990','Nữ','Hà Nội','046504650',0),(60,'Nguyễn Việt Cường','23/07/1988','Nam','Phú Thọ','060626062',1),(61,'Lê Thị Xinh','30/07/1989','Nữ','Thanh Hoá','070647064',1),(62,'Hoàng Thị Minh Tâm','28/11/1989','Nữ','Hải Dương','078057805',1),(63,'Cung Thanh Việt Anh','13/01/1989','Nam','Tiệp Khắc','088728872',1),(64,'Bùi Minh Đạt','15/12/1989','Nam','Hà Nội','030103010',0),(65,'Tạ Đức Huy','16/05/1989','Nam','Hà Nội','071847184',1),(66,'Nguyễn Thị Ngọc Thu','23/08/1988','Nữ','Bắc Giang','042494249',0),(67,'Nguyễn Anh Quang','17/08/1988','Nam','Thanh Hoá','026192619',1),(68,'Mai Quỳnh Trang','02/07/1989','Nữ','Hà Nội','085188518',0),(69,'Dương Thị Hằng Nga','11/11/1989','Nữ','Quảng Bình','039213921',0),(70,'Dương Hải Yến','02/09/1989','Nữ','Bắc Giang','091609160',0),(71,'Nguyễn Thị ánh Tuyết','04/12/1989','Nữ','Tuyên Quang','062236223',1),(72,'Đỗ Thanh Hưng','12/12/1989','Nam','Bắc Giang','018711871',1),(73,'Nguyễn Thị Diệu Hương','04/09/1989','Nữ','Yên Bái','031253125',1),(74,'Nguyễn Mỹ Hạnh','27/11/1989','Nữ','Hà Nội','061956195',1),(75,'Nguyễn Quang Huy','12/01/1990','Nam','Hà Nội','026532653',0),(76,'Nguyễn Nhật Quang','16/04/1989','Nam','Hà Nội','024962496',0),(77,'Nguyễn Thị Thu Hà','12/05/1988','Nữ','Hà Nội','030413041',0),(78,'Đặng Thu Phương','06/09/1988','Nữ','Lạng Sơn','061386138',0),(79,'Nguyễn Thị Phương Thảo','06/02/1989','Nữ','Hà Nội','076977697',0),(80,'Phạm Ngọc Hải','25/11/1989','Nam','Thái Bình','035543554',1),(81,'Nguyễn Hoàng Anh','29/12/1987','Nam','Thanh Hóa','070027002',0),(82,'Đặng Thanh Hòa','13/12/1989','Nữ','Hà Nam','046834683',0),(83,'Cao Mai Anh','15/02/1989','Nữ','Hà Nội','087998799',0),(84,'Đỗ Thu Hà','07/10/1989','Nữ','Hà Nội','051935193',0),(85,'Vũ Thị Quỳnh Trang','05/11/1989','Nữ','Hà Nội','073327332',1),(86,'Ngô Thị Thủy','18/11/1988','Nữ','Hà Nội','052035203',0),(87,'Nguyễn Lê Thanh','05/11/1988','Nữ','Hà Nội','030503050',0),(88,'Nguyễn Ngọc Huỳnh','26/08/1988','Nam','Thanh Hoá','014091409',0),(89,'Nguyễn Đình Huy','02/04/1989','Nam','Bắc Ninh','087988798',0),(90,'Hoàng Ngọc Anh','22/06/1988','Nữ','Bắc Giang','017931793',0),(91,'Nguyễn Ngọc Anh','06/08/1989','Nữ','Hà Nội','088688868',0),(92,'Lê Thị Ninh','24/11/1987','Nữ','Thanh Hoá','068576857',1),(93,'Phạm Thị Bích Hợp','09/10/1989','Nữ','Hưng Yên','030093009',1),(94,'Nguyễn Tiến Dũng','22/01/1988','Nam','Bắc Giang','063546354',1),(95,'Lê Thị Thu Hiền','25/07/1988','Nữ','Hà Nội','054285428',1),(96,'Lương Thị Nga','01/03/1989','Nữ','Hải Dương','072737273',0),(97,'Nguyễn Việt Anh','13/10/1987','Nam','Hà Nội','072607260',0),(98,'Chu Lan Hương','19/03/1989','Nữ','Quảng Ninh','044794479',1),(99,'Hồ Bảo Hằng','28/03/1989','Nữ','Hà Tĩnh','054375437',1),(100,'Nguyễn Hữu Mạnh','11/02/1984','Nam','Hải Dương','058055805',0),(101,'Nguyễn Thiên Chung','06/08/1988','Nam','Hà Nội','071797179',1),(102,'Nguyễn Phú Tuấn','23/09/1989','Nam','Hà Nội','063086308',1),(103,'Nguyễn Diệu Linh','23/07/1988','Nữ','Yên Bái','026362636',0),(104,'Nguyễn Thị Hiền','24/03/1989','Nữ','Bắc Ninh','011071107',1),(105,'Nguyễn Thu Huyền','17/12/1989','Nữ','Bắc Ninh','055375537',0),(106,'Trần Thị Phương Loan','12/03/1988','Nữ','Ninh Bình','050345034',1),(107,'Đỗ Hồng Nhật','06/09/1988','Nam','Hà Nam','030183018',1),(108,'Hoàng Thị Bích Thủy','05/07/1988','Nữ','Hà Nội','035053505',0),(109,'Hoàng Thị Bích Thủy','05/07/1988','Nữ','Hà Nội','071407140',1),(110,'Nguyễn Duy Anh','21/08/1989','Nam','Hà Nội','018551855',0),(111,'Nguyễn Phương Anh','02/12/1989','Nữ','Hà Nội','057405740',1),(112,'Hoàng Văn Hiệp','07/10/1987','Nam','Hà Nội','054105410',1),(113,'Nguyễn Thị Huyền Trang','02/12/1989','Nữ','Thái Bình','085608560',0),(114,'Nguyễn Thị Lan','01/07/1989','Nữ','Hà Tây','044284428',1),(115,'Hà Thanh Huyền','04/08/1989','Nữ','Hà Nội','091039103',1),(116,'Trần Quang Huy','22/02/1989','Nam','Hà Nội','090359035',1),(117,'Lê Thanh Huyền','20/12/1989','Nữ','Hà Nội','049114911',0),(118,'Lê Thanh Huyền','20/12/1989','Nữ','Hà Nội','013991399',1),(119,'Đào Thị Phương','15/07/1988','Nữ','Hà Nội','045124512',1),(120,'Nguyễn Thị Lê','10/03/1988','Nữ','Hải Dương','024322432',1),(121,'Trần Thanh Hương','12/12/1988','Nữ','Đăk Lăk','016631663',1),(122,'Nguyễn Thị Hà','04/01/1988','Nữ','Hà Nội','025942594',1),(123,'Trần Thị Mai Linh','09/02/1990','Nữ','Hà Nội','030833083',1),(124,'Nguyễn Đức Cảnh','19/06/1988','Nam','Thái Bình','051815181',1),(125,'Trần Thị Thu Hiền','10/01/1990','Nữ','Hà Nội','070207020',1),(126,'Nguyễn Văn Hùng','30/01/1987','Nam','Bắc Giang','016041604',1),(127,'Nguyễn Thị Hồng Thu','27/12/1989','Nữ','Hà Nội','031293129',1),(128,'Nguyễn Văn Tuấn','15/02/1986','Nam','Bắc Ninh','031543154',0),(129,'Phạm Thị Kiều Anh','16/03/1988','Nữ','Hải Dương','062246224',1),(130,'Bùi Thị Yến','12/06/1986','Nữ','Nam Định','011191119',1),(131,'Đàm Thị Thanh Hương','01/12/1989','Nữ','Hà Nội','091849184',1),(132,'Nguyễn Thị Thùy Dương','14/07/1989','Nữ','Hải Dương','060946094',1),(133,'Nguyễn Ngọc ánh','16/08/1988','Nữ','Ninh Bình','066246624',1),(134,'Trịnh Thị Ly','26/12/1990','Nữ','Hà Nội','078187818',0),(135,'Nguyễn Thị Đào','20/06/1990','Nữ','Hải Phòng','061906190',1),(136,'Lương Thu Nga','13/11/1990','Nữ','Hà Nội','079917991',1),(137,'Thân Quang Lân','25/09/1984','Nam','Bắc Giang','016411641',0),(138,'Nguyễn Phương Anh','05/08/1990','Nữ','Hà Nội','067916791',1),(139,'Vũ Hải Yến','17/05/1989','Nữ','Bắc Giang','059575957',0),(140,'Trần Thanh Nga','20/12/1990','Nữ','Hà Nội','038813881',1),(141,'Lê Phương Hải','10/07/1990','Nam','Quảng Ninh','045554555',1),(142,'Trương Hải Đăng','31/03/1990','Nam','Hà Nội','059835983',1),(143,'Nguyễn Thu Hà','04/12/1990','Nữ','Hà Nội','016861686',0),(144,'Nguyễn Hồng Hải','31/12/1990','Nữ','Hà Nội','082948294',0),(145,'Nguyễn Thị Hồng','10/10/1990','Nữ','Thanh Hóa','039493949',1),(146,'Nguyễn Thu Liên','16/11/1990','Nữ','Hà Nội','055675567',1),(147,'Nguyễn Thị Hồng Nhung','28/09/1990','Nữ','Hà Nội','081488148',0),(148,'Nguyễn Thị Hồng Nhung','28/09/1990','Nữ','Hà Nội','060966096',0),(149,'Nguyễn Công Thùy Linh','09/09/1990','Nữ','Hà Nội','067206720',1),(150,'Nguyễn Thị Ngọc Hoa','29/10/1990','Nữ','Vĩnh Phúc','984739238',1);
/*!40000 ALTER TABLE `benhnhan` ENABLE KEYS */;
UNLOCK TABLES;

--
-- Table structure for table `khambenh`
--

DROP TABLE IF EXISTS `khambenh`;
/*!40101 SET @saved_cs_client     = @@character_set_client */;
/*!50503 SET character_set_client = utf8mb4 */;
CREATE TABLE `khambenh` (
  `makb` int NOT NULL,
  `mabn` int NOT NULL,
  `mabs` int DEFAULT NULL,
  `map` int DEFAULT NULL,
  `mab` int DEFAULT NULL,
  `ngaynhankham` date NOT NULL,
  `ngayravien` date DEFAULT NULL,
  `tienthuoc` int DEFAULT NULL,
  `tienphong` int DEFAULT NULL,
  `tongchiphi` int DEFAULT NULL,
  `trangthai` int NOT NULL DEFAULT '0',
  PRIMARY KEY (`makb`),
  KEY `FK_mabn` (`mabn`),
  KEY `FK_mabn1` (`mabs`),
  KEY `FK_mabn2` (`map`),
  KEY `FK_mabn3` (`mab`),
  CONSTRAINT `FK_mabn` FOREIGN KEY (`mabn`) REFERENCES `benhnhan` (`mabn`) ON DELETE CASCADE,
  CONSTRAINT `FK_mabn1` FOREIGN KEY (`mabs`) REFERENCES `bacsi` (`mabs`) ON DELETE CASCADE,
  CONSTRAINT `FK_mabn2` FOREIGN KEY (`map`) REFERENCES `phong` (`map`) ON DELETE CASCADE,
  CONSTRAINT `FK_mabn3` FOREIGN KEY (`mab`) REFERENCES `benh` (`mab`) ON DELETE CASCADE
) ENGINE=InnoDB DEFAULT CHARSET=utf8mb4 COLLATE=utf8mb4_0900_ai_ci;
/*!40101 SET character_set_client = @saved_cs_client */;

--
-- Dumping data for table `khambenh`
--

LOCK TABLES `khambenh` WRITE;
/*!40000 ALTER TABLE `khambenh` DISABLE KEYS */;
INSERT INTO `khambenh` VALUES (1,108,57,45,44,'2022-05-09',NULL,NULL,NULL,NULL,0),(2,7,6,12,24,'2022-09-17',NULL,NULL,NULL,NULL,0),(3,58,57,8,124,'2022-11-12',NULL,NULL,NULL,NULL,0),(4,29,78,18,105,'2022-08-06',NULL,NULL,NULL,NULL,0),(5,121,70,98,129,'2022-06-18','2022-08-09',NULL,NULL,NULL,1),(6,104,3,61,172,'2022-03-22','2022-05-11',NULL,NULL,NULL,1),(7,127,76,24,148,'2022-06-25','2022-09-06',NULL,NULL,NULL,1),(8,73,22,9,158,'2022-01-10','2022-08-21',NULL,NULL,NULL,1),(9,128,77,67,95,'2022-06-20',NULL,NULL,NULL,NULL,0),(10,57,56,23,105,'2022-08-01','2022-08-12',NULL,NULL,NULL,1),(11,69,68,15,74,'2022-10-09',NULL,NULL,NULL,NULL,0),(12,80,29,109,90,'2022-03-11','2022-11-09',NULL,NULL,NULL,1),(13,51,81,16,99,'2022-05-02',NULL,NULL,NULL,NULL,0),(14,32,2,8,142,'2022-09-11',NULL,NULL,NULL,NULL,0),(15,3,86,74,14,'2022-01-05','2022-02-20',NULL,NULL,NULL,1),(16,87,35,5,103,'2022-07-12',NULL,NULL,NULL,NULL,0),(17,136,78,107,101,'2022-02-07','2022-07-03',NULL,NULL,NULL,1),(18,79,81,88,143,'2022-07-11',NULL,NULL,NULL,NULL,0),(19,82,10,18,83,'2022-07-14',NULL,NULL,NULL,NULL,0),(20,11,66,82,44,'2022-07-22',NULL,NULL,NULL,NULL,0),(21,117,64,51,46,'2022-10-16',NULL,NULL,NULL,NULL,0),(22,65,91,35,101,'2022-08-10','2022-11-24',NULL,NULL,NULL,1),(23,142,50,103,128,'2022-02-20','2022-06-23',NULL,NULL,NULL,1),(24,64,63,37,131,'2022-07-01',NULL,NULL,NULL,NULL,0),(25,133,32,1,194,'2022-04-17','2022-10-18',NULL,NULL,NULL,1),(26,47,46,35,17,'2022-07-04','2022-11-07',NULL,NULL,NULL,1),(27,126,41,32,98,'2022-07-11','2022-10-08',NULL,NULL,NULL,1),(28,141,75,51,89,'2022-03-04','2022-10-05',NULL,NULL,NULL,1),(29,118,90,64,33,'2022-01-05','2022-08-12',NULL,NULL,NULL,1),(30,2,67,64,77,'2022-10-03',NULL,NULL,NULL,NULL,0),(31,60,51,68,41,'2022-06-26','2022-10-02',NULL,NULL,NULL,1),(32,134,59,70,193,'2022-11-17',NULL,NULL,NULL,NULL,0),(33,5,33,84,81,'2022-10-13',NULL,NULL,NULL,NULL,0),(34,93,16,90,114,'2022-02-06','2022-04-23',NULL,NULL,NULL,1),(35,1,54,102,112,'2022-10-20',NULL,NULL,NULL,NULL,0),(36,146,42,46,179,'2022-08-05','2022-09-19',NULL,NULL,NULL,1),(37,124,95,7,151,'2022-04-08','2022-04-16',NULL,NULL,NULL,1),(38,81,23,60,138,'2022-07-09',NULL,NULL,NULL,NULL,0),(39,33,30,41,184,'2022-04-01',NULL,NULL,NULL,NULL,0),(40,72,32,26,31,'2022-02-16','2022-07-18',NULL,NULL,NULL,1),(41,25,71,32,43,'2022-03-20',NULL,NULL,NULL,NULL,0),(42,105,24,79,46,'2022-06-03',NULL,NULL,NULL,NULL,0),(43,148,4,94,35,'2022-11-17',NULL,NULL,NULL,NULL,0),(44,48,47,16,108,'2022-03-19','2022-05-16',NULL,NULL,NULL,1),(45,24,13,10,95,'2022-06-24',NULL,NULL,NULL,NULL,0),(46,13,97,40,27,'2022-06-13','2022-09-04',NULL,NULL,NULL,1),(47,63,32,23,55,'2022-07-26','2022-10-25',NULL,NULL,NULL,1),(48,129,73,47,24,'2022-03-17','2022-04-23',NULL,NULL,NULL,1),(49,49,50,37,189,'2022-08-14',NULL,NULL,NULL,NULL,0),(50,101,12,48,140,'2022-04-25','2022-11-02',NULL,NULL,NULL,1),(51,70,12,78,190,'2022-09-02',NULL,NULL,NULL,NULL,0),(52,92,28,82,192,'2022-02-23','2022-04-09',NULL,NULL,NULL,1),(53,102,48,83,60,'2022-02-15','2022-08-15',NULL,NULL,NULL,1),(54,120,50,9,104,'2022-03-03','2022-06-14',NULL,NULL,NULL,1),(55,116,32,103,135,'2022-04-02','2022-11-11',NULL,NULL,NULL,1),(56,75,13,104,90,'2022-03-06',NULL,NULL,NULL,NULL,0),(57,17,69,98,94,'2022-03-25','2022-05-06',NULL,NULL,NULL,1),(58,103,91,23,2,'2022-10-26',NULL,NULL,NULL,NULL,0),(59,50,1,19,30,'2022-11-04','2022-11-21',NULL,NULL,NULL,1),(60,35,16,34,99,'2022-06-01',NULL,NULL,NULL,NULL,0),(61,16,69,12,84,'2022-09-20',NULL,NULL,NULL,NULL,0),(62,62,65,87,38,'2022-01-15','2022-03-01',NULL,NULL,NULL,1),(63,112,74,4,151,'2022-06-24','2022-09-09',NULL,NULL,NULL,1),(64,9,81,102,128,'2022-01-01','2022-06-02',NULL,NULL,NULL,1),(65,67,66,43,17,'2022-07-13','2022-11-09',NULL,NULL,NULL,1),(66,52,12,62,121,'2022-07-23','2022-08-09',NULL,NULL,NULL,1),(67,109,52,19,134,'2022-02-05','2022-09-22',NULL,NULL,NULL,1),(68,90,49,101,152,'2022-08-18',NULL,NULL,NULL,NULL,0),(69,94,36,48,131,'2022-02-12','2022-08-10',NULL,NULL,NULL,1),(70,150,84,104,12,'2022-05-17','2022-07-23',NULL,NULL,NULL,1),(71,46,73,22,36,'2022-04-02','2022-04-19',NULL,NULL,NULL,1),(72,135,91,2,120,'2022-03-24','2022-06-08',NULL,NULL,NULL,1),(73,71,20,107,82,'2022-01-23','2022-06-05',NULL,NULL,NULL,1),(74,113,15,56,163,'2022-06-04',NULL,NULL,NULL,NULL,0),(75,22,11,54,116,'2022-08-08',NULL,NULL,NULL,NULL,0),(76,45,56,54,127,'2022-03-08','2022-10-06',NULL,NULL,NULL,1),(77,107,11,55,176,'2022-02-05','2022-04-15',NULL,NULL,NULL,1),(78,44,8,30,183,'2022-10-09',NULL,NULL,NULL,NULL,0),(79,78,2,72,15,'2022-08-16',NULL,NULL,NULL,NULL,0),(80,42,19,34,129,'2022-10-09',NULL,NULL,NULL,NULL,0),(81,143,16,33,7,'2022-06-27',NULL,NULL,NULL,NULL,0),(82,43,65,62,122,'2022-11-23','2022-11-23',NULL,NULL,NULL,0),(83,99,47,73,130,'2022-03-10','2022-03-23',NULL,NULL,NULL,1),(84,28,1,85,36,'2022-10-07',NULL,NULL,NULL,NULL,0),(85,147,58,13,59,'2022-08-16',NULL,NULL,NULL,NULL,0),(86,123,89,45,117,'2022-02-08','2022-09-18',NULL,NULL,NULL,1),(87,61,2,86,189,'2022-07-13','2022-10-13',NULL,NULL,NULL,1),(88,6,43,58,139,'2022-07-26',NULL,NULL,NULL,NULL,0),(89,83,95,48,58,'2022-10-11',NULL,NULL,NULL,NULL,0),(90,10,49,9,15,'2022-09-08',NULL,NULL,NULL,NULL,0),(91,55,95,53,83,'2022-02-26','2022-05-21',NULL,NULL,NULL,1),(92,59,10,29,75,'2022-09-16',NULL,NULL,NULL,NULL,0),(93,77,50,76,137,'2022-08-06',NULL,NULL,NULL,NULL,0),(94,30,52,46,167,'2022-05-01','2022-09-12',NULL,NULL,NULL,1),(95,97,8,16,108,'2022-10-20',NULL,NULL,NULL,NULL,0),(96,132,84,7,66,'2022-03-09','2022-09-07',NULL,NULL,NULL,1),(97,86,70,42,2,'2022-10-02',NULL,NULL,NULL,NULL,0),(98,131,71,56,162,'2022-01-24','2022-02-10',NULL,NULL,NULL,1),(99,130,27,87,157,'2022-02-02','2022-05-21',NULL,NULL,NULL,1),(100,26,62,109,76,'2022-09-09','2022-09-22',NULL,NULL,NULL,1),(101,122,71,3,70,'2022-01-12','2022-11-05',NULL,NULL,NULL,1),(102,139,13,25,26,'2022-04-26',NULL,NULL,NULL,NULL,0),(103,140,31,80,146,'2022-08-16','2022-10-04',NULL,NULL,NULL,1),(104,8,71,61,64,'2022-03-18','2022-10-25',NULL,NULL,NULL,1),(105,23,94,29,46,'2022-07-12','2022-08-27',NULL,NULL,NULL,1),(106,110,6,39,55,'2022-04-20',NULL,NULL,NULL,NULL,0),(107,38,11,105,18,'2022-06-06',NULL,NULL,NULL,NULL,0),(108,56,69,73,117,'2022-08-23','2022-10-04',NULL,NULL,NULL,1),(109,54,29,85,13,'2022-09-12',NULL,NULL,NULL,NULL,0),(110,125,43,43,54,'2022-02-09','2022-08-09',NULL,NULL,NULL,1),(111,106,77,32,1,'2022-09-15','2022-09-16',NULL,NULL,NULL,1),(112,91,91,17,157,'2022-02-27',NULL,NULL,NULL,NULL,0),(113,114,92,29,188,'2022-02-12','2022-09-03',NULL,NULL,NULL,1),(114,119,60,61,49,'2022-03-27','2022-04-17',NULL,NULL,NULL,1),(115,41,42,109,94,'2022-01-06','2022-09-07',NULL,NULL,NULL,1),(116,34,98,43,37,'2022-01-21','2022-11-05',NULL,NULL,NULL,1),(117,21,72,55,27,'2022-10-18',NULL,NULL,NULL,NULL,0),(118,19,27,2,120,'2022-11-02',NULL,NULL,NULL,NULL,0),(119,111,67,23,115,'2022-03-27','2022-09-19',NULL,NULL,NULL,1),(120,138,15,101,79,'2022-04-19','2022-06-15',NULL,NULL,NULL,1),(121,37,96,80,126,'2022-09-15','2022-10-17',NULL,NULL,NULL,1),(122,68,72,95,50,'2022-06-23',NULL,NULL,NULL,NULL,0),(123,31,41,28,32,'2022-09-27',NULL,NULL,NULL,NULL,0),(124,74,10,109,159,'2022-04-04','2022-05-07',NULL,NULL,NULL,1),(125,85,1,31,102,'2022-02-12','2022-04-13',NULL,NULL,NULL,1),(126,15,55,99,145,'2022-05-11',NULL,NULL,NULL,NULL,0),(127,88,27,43,190,'2022-08-09',NULL,NULL,NULL,NULL,0),(128,76,89,38,102,'2022-09-02',NULL,NULL,NULL,NULL,0),(129,12,51,48,131,'2022-05-13','2022-06-05',NULL,NULL,NULL,1),(130,53,67,49,189,'2022-11-25',NULL,NULL,NULL,NULL,0),(131,14,82,62,164,'2022-03-26',NULL,NULL,NULL,NULL,0),(132,144,58,101,61,'2022-09-19',NULL,NULL,NULL,NULL,0),(133,84,59,24,129,'2022-08-20',NULL,NULL,NULL,NULL,0),(134,95,8,19,88,'2022-03-01','2022-05-08',NULL,NULL,NULL,1),(135,39,41,33,167,'2022-07-23','2022-11-14',NULL,NULL,NULL,1),(136,96,54,31,51,'2022-06-23',NULL,NULL,NULL,NULL,0),(137,137,66,60,171,'2022-05-18',NULL,NULL,NULL,NULL,0),(138,20,71,88,105,'2022-06-07','2022-08-20',NULL,NULL,NULL,1),(139,66,58,108,132,'2022-08-01',NULL,NULL,NULL,NULL,0),(140,115,82,6,52,'2022-08-22','2022-11-26',NULL,NULL,NULL,1),(141,100,96,72,144,'2022-03-20',NULL,NULL,NULL,NULL,0),(142,18,41,25,125,'2022-01-03','2022-03-17',NULL,NULL,NULL,1),(143,89,26,69,141,'2022-11-24',NULL,NULL,NULL,NULL,0),(144,149,26,14,171,'2022-03-12','2022-05-26',NULL,NULL,NULL,1),(145,27,29,69,36,'2022-08-01',NULL,NULL,NULL,NULL,0),(146,98,69,31,7,'2022-02-11','2022-03-27',NULL,NULL,NULL,1),(147,40,16,88,2,'2022-01-23','2022-05-20',NULL,NULL,NULL,1),(148,4,96,26,140,'2022-04-21','2022-07-01',NULL,NULL,NULL,1),(149,145,62,14,100,'2022-01-14','2022-08-14',NULL,NULL,NULL,1),(150,36,70,7,41,'2022-08-25',NULL,NULL,NULL,NULL,0);
/*!40000 ALTER TABLE `khambenh` ENABLE KEYS */;
UNLOCK TABLES;

--
-- Table structure for table `khoadieutri`
--

DROP TABLE IF EXISTS `khoadieutri`;
/*!40101 SET @saved_cs_client     = @@character_set_client */;
/*!50503 SET character_set_client = utf8mb4 */;
CREATE TABLE `khoadieutri` (
  `mak` int NOT NULL,
  `khoa` varchar(255) NOT NULL,
  PRIMARY KEY (`mak`)
) ENGINE=InnoDB DEFAULT CHARSET=utf8mb4 COLLATE=utf8mb4_0900_ai_ci;
/*!40101 SET character_set_client = @saved_cs_client */;

--
-- Dumping data for table `khoadieutri`
--

LOCK TABLES `khoadieutri` WRITE;
/*!40000 ALTER TABLE `khoadieutri` DISABLE KEYS */;
INSERT INTO `khoadieutri` VALUES (1,'dị ứng học'),(2,'chuyên khoa gây mê'),(3,'nam khoa'),(4,'khoa tim'),(5,'chuyên khoa da liễu'),(6,'khoa dinh dưỡng'),(7,'khoa nội tiết'),(8,'khoa dịch tễ học'),(9,'khoa tiêu hóa'),(10,'lão khoa. đn. gerontology'),(11,'phụ khoa'),(12,'khoa huyết học'),(13,'miễn dịch học'),(14,'khoa bệnh nhân ngoại trú'),(15,'nội khoa'),(16,'thận học'),(17,'khoa thần kinh'),(18,'ngoại thần kinh'),(19,'y học hạt nhân'),(20,'khoa răng'),(21,'ung thư học'),(22,'khoa mắt'),(23,'khoa chỉnh hình'),(24,'ngoại chỉnh hình. đn. orthopedics'),(25,'khoa bệnh nhân ngoại trú'),(26,'phẫu thuật tạo hình'),(27,'y học dự phòng'),(28,'ngoại khoa'),(29,'ngoại lồng ngực'),(30,'khoa chấn thương'),(31,'niệu khoa');
/*!40000 ALTER TABLE `khoadieutri` ENABLE KEYS */;
UNLOCK TABLES;

--
-- Table structure for table `phong`
--

DROP TABLE IF EXISTS `phong`;
/*!40101 SET @saved_cs_client     = @@character_set_client */;
/*!50503 SET character_set_client = utf8mb4 */;
CREATE TABLE `phong` (
  `map` int NOT NULL,
  `tenphong` varchar(255) NOT NULL,
  `gia1ngaydem` int NOT NULL,
  PRIMARY KEY (`map`)
) ENGINE=InnoDB DEFAULT CHARSET=utf8mb4 COLLATE=utf8mb4_0900_ai_ci;
/*!40101 SET character_set_client = @saved_cs_client */;

--
-- Dumping data for table `phong`
--

LOCK TABLES `phong` WRITE;
/*!40000 ALTER TABLE `phong` DISABLE KEYS */;
INSERT INTO `phong` VALUES (1,'A-1',77000),(2,'A-2',109000),(3,'A-3',116000),(4,'A-4',79000),(5,'A-5',89000),(6,'A-6',127000),(7,'A-7',82000),(8,'A-8',73000),(9,'A-9',95000),(10,'A-10',82000),(11,'B-1',90000),(12,'B-2',93000),(13,'B-3',111000),(14,'B-4',71000),(15,'B-5',130000),(16,'B-6',89000),(17,'B-7',107000),(18,'B-8',89000),(19,'B-9',86000),(20,'B-10',99000),(21,'C-1',90000),(22,'C-2',139000),(23,'C-3',125000),(24,'C-4',78000),(25,'C-5',105000),(26,'C-6',97000),(27,'C-7',135000),(28,'C-8',78000),(29,'C-9',83000),(30,'C-10',136000),(31,'D-1',122000),(32,'D-2',118000),(33,'D-3',79000),(34,'D-4',125000),(35,'D-5',88000),(36,'D-6',90000),(37,'D-7',135000),(38,'D-8',119000),(39,'D-9',99000),(40,'D-10',131000),(41,'E-1',79000),(42,'E-2',128000),(43,'E-3',92000),(44,'E-4',85000),(45,'E-5',71000),(46,'E-6',128000),(47,'E-7',77000),(48,'E-8',90000),(49,'E-9',112000),(50,'E-10',129000),(51,'F-1',84000),(52,'F-2',109000),(53,'F-3',139000),(54,'F-4',129000),(55,'F-5',86000),(56,'F-6',82000),(57,'F-7',108000),(58,'F-8',97000),(59,'F-9',82000),(60,'F-10',87000),(61,'G-1',98000),(62,'G-2',84000),(63,'G-3',83000),(64,'G-4',71000),(65,'G-5',136000),(66,'G-6',70000),(67,'G-7',122000),(68,'G-8',106000),(69,'G-9',132000),(70,'G-10',122000),(71,'H-1',114000),(72,'H-2',70000),(73,'H-3',97000),(74,'H-4',86000),(75,'H-5',123000),(76,'H-6',131000),(77,'H-7',80000),(78,'H-8',71000),(79,'H-9',120000),(80,'H-10',120000),(81,'K-1',123000),(82,'K-2',114000),(83,'K-3',124000),(84,'K-4',70000),(85,'K-5',128000),(86,'K-6',108000),(87,'K-7',85000),(88,'K-8',137000),(89,'K-9',122000),(90,'K-10',136000),(91,'J-1',131000),(92,'J-2',71000),(93,'J-3',106000),(94,'J-4',111000),(95,'J-5',119000),(96,'J-6',135000),(97,'J-7',122000),(98,'J-8',97000),(99,'J-9',106000),(100,'J-10',99000),(101,'VIP-1',203000),(102,'VIP-2',296000),(103,'VIP-3',373000),(104,'VIP-4',501000),(105,'VIP-5',559000),(106,'VIP-6',663000),(107,'VIP-7',783000),(108,'VIP-8',871000),(109,'VIP-9',960000),(110,'VIP-10',1080000);
/*!40000 ALTER TABLE `phong` ENABLE KEYS */;
UNLOCK TABLES;

--
-- Table structure for table `thuoc`
--

DROP TABLE IF EXISTS `thuoc`;
/*!40101 SET @saved_cs_client     = @@character_set_client */;
/*!50503 SET character_set_client = utf8mb4 */;
CREATE TABLE `thuoc` (
  `mat` int NOT NULL,
  `thuoc` varchar(255) NOT NULL,
  `donvi` varchar(50) DEFAULT NULL,
  `gia` int NOT NULL,
  PRIMARY KEY (`mat`)
) ENGINE=InnoDB DEFAULT CHARSET=utf8mb4 COLLATE=utf8mb4_0900_ai_ci;
/*!40101 SET character_set_client = @saved_cs_client */;

--
-- Dumping data for table `thuoc`
--

LOCK TABLES `thuoc` WRITE;
/*!40000 ALTER TABLE `thuoc` DISABLE KEYS */;
INSERT INTO `thuoc` VALUES (1,'ASPIRIN 81','Viên',82),(2,'AMIPAREN – 5','Chai/Túi',57600),(3,'NEOAMIYU','Túi',105000),(4,'MG - TAN INJ','Túi',449000),(5,'OLICLINOMEL N7-1000E','Túi',860000),(6,'OLICLINOMEL N4-550E','Túi',696499),(7,'AMINOPLASMAL.BBRAUN  5% E','Chai',110182),(8,'MORIHEPAMIN','Túi',104979),(9,'MORIHEPAMIN','Túi',169758),(10,'HUMAN ALBUMIN BAXTER 250G/L','Chai',929500),(11,'HUMAN ALBUMIN','Chai',661600),(12,'XATRAL XL 10MG','Viên',15291),(13,'ZURYK','Viên',370),(14,'ALUPHAGEL','Gói',980),(15,'PHOSPHALUGEL','Gói',3751),(16,'MEDOVENT 30MG','Viên',1100),(17,'AMBROXOL 30mg','Viên',130),(18,'MUCOSOLVAN','Viên',2500),(19,'VINPHACINE','Ống/Lọ',9300),(20,'CORDARONE 150MG/3ML','Ống',30048),(21,'CORDARONE','Viên',6750),(22,'AMITRIPTYLIN 25MG','Viên',210),(23,'AUGXICINE 500MG/62,5MG','Gói',2940),(24,'AUGMENTIN INJECTION','Lọ',42308),(25,'AUGMENTIN SR','Viên',22048),(26,'AUGMENTIN 1G TABLES','Viên',18131),(27,'TRIMOXTAL 875/125','Viên',9500),(28,'SULAMCIN','Lọ',12790),(29,'UNASYN','Lọ',66000),(30,'ATENOLOL','Viên',208),(31,'ATROPIN SULFAT','Ống',520),(32,'ASICLACIN 500','Viên',2300),(33,'ZITROMAX','Lọ',115988),(34,'ZITROMAX','Viên',89820),(35,'ENTEROGERMINA','Ống',5765),(36,'BRONCHO-VAXOM CHILDREN','Viên',9955),(37,'BRONCHO-VAXOM ADULTS','Viên',14450),(38,'BAMBUTOR','Viên',814),(39,'BAMBEC','Viên',5639),(40,'AVASTIN','Lọ',8285865),(41,'CORNEIL-2,5','Viên',429),(42,'BLEOCIP','Lọ',470400),(43,'SYMBICORT TURBUHALER','Chai',486948),(44,'SYMBICORT TURBUHALER','Ống',286440),(45,'PULMICORT RESPULES','Ống',13834),(46,'RHINOCORT AQUA','Ống',203522),(47,'SYMBICORT TUR OTH 60 DOSE 160/4.5','Ống',286440),(48,'SYMBICORT TURBUHALER','Ống',486948),(49,'CALCIUM HASAN 500MG','Viên',1239),(50,'GUZMAN','Viên',6190),(51,'CAPTOPRIL','Viên',91),(52,'ADRENOXYL 10MG','Viên',1250),(53,'CASALMUX','Gói',3550),(54,'BOCARTIN 150','Lọ',319830),(55,'CARBOPLATIN SINDAN','Lọ',284000),(56,'CARBOPLATIN SINDAN','Lọ',950000),(57,'CEFDINIR','Viên',3084),(58,'VIPIMAX 2G','Lọ',65000),(59,'CEFEPIM 1G','Lọ',19710),(60,'VERAPIME','Lọ',219800),(61,'VIMECIME 200','Viên',1265),(62,'CEFIXIM 400','Viên',8500),(63,'NEWBACTAM (SXNQ CỦA: DAE HAN NEW PHARM. CO. LTD)','Lọ',11970),(64,'VITABACTAM','Lọ',21500),(65,'NASPALUN','Lọ',130000),(66,'BIFOPEZON 1G','Lọ',12495),(67,'MEDOCEF 1G','Lọ',47500),(68,'FOREXIM 1G','Lọ',39000),(69,'ORELOX 100MG','Viên',13600),(70,'NECPOD-100','Viên',3800),(71,'BIACEFPO 100','Viên',1400),(72,'BIACEFPO 200','Viên',2100),(73,'SWICH-200 TABLETS','Viên',4990),(74,'TV-ZIDIM 1G','Lọ',12490),(75,'CEFTAZIDIME PANPHARMA 1G','Lọ',38000),(76,'FORTUM','Lọ',75600),(77,'CEFTRIAXON STRAGEN 2G','Lọ',96500),(78,'CEFTRIONE 1G','Lọ',8880),(79,'ROCEPHIN 1G I.V.','Lọ',181440),(80,'TRAVINAT 250MG','Viên',1480),(81,'TRAVINAT 500MG','Viên',2580),(82,'ZINNAT TABLETS 250MG','Viên',13166),(83,'ZINNAT TABLETS 500MG','Viên',24589),(84,'COFIDEC 200MG','Viên',9100),(85,'MIBECEREX','Viên',440),(86,'CELEBREX ( đóng gói:PfizerManufacturing Deutschland GmbH)','Viên',11913),(87,'CIMETIDIN KABI 300','Ống',1995),(88,'COPHACIP','Viên',495),(89,'CIPROBAY 200','Lọ',246960),(90,'DBL CISPLATIN INJECTION 50MG/50ML','Chai',273000),(91,'KLACID','Lọ',103140),(92,'KLACID 250MG','Viên',18000),(93,'KLACID MR','Viên',36375),(94,'CLINDAMYCIN 150MG','Viên',577),(95,'DALACIN C','Viên',11273),(96,'DALACIN C','Ống',104800),(97,'PLAVIX 75MG','Viên',20828),(98,'CLORPHENIRAMIN','Viên',29),(99,'COLIREX 1MIU','Lọ',359100),(100,'ENDOXAN','Lọ',49829),(101,'AERIUS','Viên',9520),(102,'DEXAMETHASON 0,5MG','Viên',45),(103,'DEXAMETHASONE','Ống',880),(104,'DIAZEPAM 10MG/2ML','Ống',3260),(105,'PYME SEZIPAM','Viên',125),(106,'HERBESSER TAB. 30MG B/100','Viên',1345),(107,'PYME AER','Gói',787),(108,'DIMEDROL','Ống',630),(109,'DOBUTAMINE PANPHARMA 250MG/20ML','Chai',58000),(110,'DOCETAXEL ','Lọ',447199),(111,'DOCETAXEL ','Lọ',1438000),(112,'TAXOTERE','Lọ',2803248),(113,'TAXOTERE','Lọ',11212990),(114,'DOPAMINE HYDROCHLORIDE 4%','Ống',19530),(115,'DOXYCYCLIN 100','Viên',267),(116,'EBASITIN','Viên',3450),(117,'ENALAPRIL','Viên',88),(118,'LOVENOX','Bơm tiêm',113163),(119,'ADRENALIN','Ống',2205),(120,'FARMORUBICINA','Lọ',267500),(121,'FARMORUBICINA','Lọ',845300),(122,'EPREX 2000','Ống',269999),(123,'EZINOL','Viên',264),(124,'TARCEVA TAB. 100MG','Viên',891614),(125,'TARCEVA','Viên',1337420),(126,'INVANZ ','Lọ',552421),(127,'NANOKINE 2000 IU','Bơm tiêm/Lọ/Ống',149700),(128,'VACOOMEZ S 20','Viên',577),(129,'NEXIUM','Gói',22456),(130,'NEXIUM','Viên',22456),(131,'NEXIUM','Lọ',153560),(132,'ETHAMBUTOL 400MG','Viên',845),(133,'ETOPOSID BIDIPHAR','Ống',189000),(134,'ETOPOSID ','Ống',133450),(135,'BERODUAL','Bình xịt/Bơm xịt định liều',132323),(136,'FENILHAM','Ống',9240),(137,'DUROGESIC 25MCG/H','Miếng',154350),(138,'DUROGESIC 50MCG/H','Miếng',282975),(139,'FEFASDIN','Viên',633),(140,'FEXOPHAR 180','Viên',922),(141,'TELFAST HD','Viên',7067),(142,'FICOCYTE','Bơm tiêm/Lọ',800000),(143,'ZOLMED 150','Viên',3477),(144,'FLIXOTIDE EVOHALER','Bình',106462),(145,'AGIFUROS','Viên',102),(146,'VINZIX','Ống',1890),(147,'NEURONCURE','Viên',918),(148,'NEURONTIN ','Viên',11316),(149,'IRESSA','Viên',1199076),(150,'BIGEMAX 1G','Lọ',1239000),(151,'BIGEMAX 200','Lọ',409500),(152,'GEMITA 1G','Lọ',725600),(153,'GEMITA 200MG','Lọ',236500),(154,'GEMZAR','Lọ',865599),(155,'GENTAMICIN 80MG','Ống',945),(156,'AGILIZID','Viên',329),(157,'GLUCOSE 5%','Chai',9080),(158,'GLUCOSE 5%','Chai',6670),(159,'DỊCH TRUYỂN TĨNH MẠCH GLUCOSE 30%','Chai',12500),(160,'GLYCERYL TRINITRATE - HAMELN 1MG/ML INJECTION','Ống',72975),(161,'HEPARIN','Lọ',94500),(162,'HYDROCORTISON','Lọ',10794),(163,'HOLOXAN','Lọ',608216),(164,'RAXADIN','Lọ',183498),(165,'VICIMLASTATIN 1G','Lọ',66700),(166,'TIENAM','Lọ',370260),(167,'SCILIN N','Lọ',139900),(168,'HUMULIN R','Lọ',144000),(169,'SCILIN M30 (30/70)','Lọ',139900),(170,'MIXTARD 30 FLEXPEN','Bút tiêm',149999),(171,'XENETIX 300','lọ/túi',262000),(172,'OMNIPAQUE','Lọ',227490),(173,'IOPAMIROITALY)','Chai',249900),(174,'CAMPTO','Lọ',3679240),(175,'CAMPTO','Lọ',1471610),(176,'FORANE','Lọ',1124100),(177,'IMIDU 60MG','Viên',1302),(178,'KALI CLORID','Viên',269),(179,'KALI CLORID','Ống',2373),(180,'ZINC','Viên',380),(181,'KOZERAL','Viên',1299),(182,'DUCLUCKY','Ống',7350),(183,'BACIVIT-H','Gói',819),(184,'DUPHALAC','Gói',2728),(185,'CHIROCAINE (Đóng gói tại Abbott SRL - Italy)','Ống',120000),(186,'TAVANIC','Lọ',123000),(187,'VOLFACINE','Viên',29500),(188,'CETECO LEFLOX 500','Viên',804),(189,'CRAVIT TAB 250','Viên',23660),(190,'TAVANIC','Viên',36950),(191,'TAVANIC','Lọ',179000),(192,'TAVANIC','Lọ',123000),(193,'CRAVIT I.V.','Lọ',325000),(194,'GALOXCIN 500','Chai',79000),(195,'LIDOCAIN KABI 2%','Ống',9975),(196,'XYLOCAINE JELLY','Tube',55600),(197,'LIZOLID - 600','Viên',18500),(198,'LINOD','Chai',195600),(199,'PHACOPARECAPS','Viên',126),(200,'BICANMA','Ống',2850),(201,'REMINT S FORT','Viên',250),(202,'MANNITOL','Chai',16695),(203,'MOBIC','Ống',21945),(204,'MIZAPENEM 1G','Lọ',109830),(205,'MIZAPENEM 0,5G','Lọ',69489),(206,'SANBEMEROSAN 0.5','Lọ',145000),(207,'MERONEM','Lọ',803723),(208,'MERONEM','Lọ',464373),(209,'UROMITEXAN','Ống',32938),(210,'GLUCOFAST 850','Viên',263),(211,'METFORMIN 500','Viên',173),(212,'SOLI-MEDON 125','Lọ',55650),(213,'SOLI-MEDON 40','Lọ',15498),(214,'MENISON 16MG','Viên',3150),(215,'MEDROL','Viên',3672),(216,'SOLU-MEDROL','Lọ',75710),(217,'SOLU-MEDROL','Lọ',33100),(218,'KANAUSIN','Viên',96),(219,'VINCOMID','Ống',1500),(220,'METRONIDAZOL','Viên',112),(221,'PACIFLAM','Ống',15225),(222,'MORPHIN 30MG','Viên',5985),(223,'KACIFLOX','Viên',9815),(224,'AVELOX','Chai/Túi',367500),(225,'ACC SUS. 200MG 50S','Gói',2198),(226,'VACOMUC 200','Gói',447),(227,'NALOXONE-HAMELN 0.4MG/ML INJECTION','Ống',36225),(228,'NATRI CLORID 0,9%','Chai',7140),(229,'NATRI CLORID 0,9%','Chai',6458),(230,'NATRI CLORID 0,9%','Chai',6500),(231,'NATRI CLORID 10%','Chai',8820),(232,'NATRI CLORID 3%','Chai',6825),(233,'SODIUM CHLORIDE 0,9%','Chai',7500),(234,'DỊCH TRUYỂN TĨNH MẠCH NATRI CLORID 0,45%','Chai',9475),(235,'NATRI BICARBONAT 1,4%','Chai',28350),(236,'SODIUM BICARBONATE RENAUDIN 8,4%','Ống',20000),(237,'MONTELUKAST-TEVA','Viên',3780),(238,'PHAGOFI 10','Viên',1690),(239,'SINGULAIR','Viên',13502),(240,'SINGULAIR ','Viên',13502),(241,'NEOSTIGMINE-HAMELN 0.5MG/ML INJECTION','Ống',6825),(242,'LIPOVENOES 10% PLR','Chai/Túi',138000),(243,'SMOFlipid','Chai/Túi',170000),(244,'NICARDIPINE AGUETTANT 10MG/10ML','Ống',111500),(245,'ADALAT 10 ','Viên',2253),(246,'ADALAT LA 20MG','Viên',5950),(247,'LEVONOR 1MG/1ML SOLUTION FOR I.V INFUSION','Ống',29190),(248,'NORADRENALINE BASE AGUETTANT 1MG/ML','Ống',69399),(249,'NƯỚC CẤT PHA TIÊM','Ống',646),(250,'NƯỚC OXY GIÀ 10 THỂ TÍCH','Chai',1313),(251,'SANDOSTATIN','Ống',241525),(252,'ORAPTIC','Lọ',24885),(253,'KAGASDINE','Viên',172),(254,'ONDEM TABLETS 8MG','Viên',5400),(255,'OSETRON 8MG','Ống',8500),(256,'TOPRALSIN','Viên',180),(257,'CANPAXEL 100','Lọ',996450),(258,'PACLITAXELUM ACTAVIS','Lọ',4100000),(259,'PACLISPEC 30','Lọ',300000),(260,'ANZATAX 100mg/16,7ml','Lọ',3885000),(261,'ANZATAX 150mg/25ml','Lọ',5088300),(262,'ANZATAX 30mg/5ml','Lọ',1197000),(263,'PAMISOL 30MG/10ML','Lọ',1050000),(264,'PARACETAMOL KABI 1000','Chai',18375),(265,'PANALGANEFFER 500','Viên',572),(266,'CENPADOL','Gói',465),(267,'VADOL A 325','Viên',63),(268,'VADOL 5','Viên',83),(269,'EFFERALGAN','Viên',2305),(270,'EFFERALGAN','Viên',2831),(271,'PERFALGAN','Chai',47730),(272,'PANALGANEFFER CODEIN','Viên',996),(273,'AILAXON','Viên',152),(274,'DEGEVIC','Viên',673),(275,'ALIMTA 500 MG','Lọ',26908999),(276,'DOLCONTRAL 50MG/ML','Ống',14490),(277,'VITAMIN K1 10MG/ML','Ống',2500),(278,'PIPERACILLIN/ TAZOBACTAM KABI 4G/0,5G','Lọ',94500),(279,'TAZOPELIN 4,5G','Lọ',68460),(280,'TAZOCIN','Lọ',223700),(281,'BREXIN','Viên',7582),(282,'BETADINE ANTISEPTIC SOLUTION','Chai',42400),(283,'PREDNISOLON 5MG','Viên',133),(284,'LYRICA','Viên',17685),(285,'PIPOLPHEN','Ống',12600),(286,'PROPOFOL 1% KABI','Ống',56700),(287,'DIPRIVAN','Ống',118168),(288,'DIPRIVAN','Bơm tiêm',375000),(289,'PYRAZINAMIDE 500MG','Viên',460),(290,'LACTATED RINGERS','Chai/ Túi',6400),(291,'LACTATED RINGERS AND DEXTROSE','Chai',8100),(292,'ROCURONIUM-HAMELN 10MG/ML INJECTION','Ống',73500),(293,'ESMERON','Lọ',97620),(294,'RUPAFIN','Viên',6000),(295,'SALBUTAMOL - 2 MG (SALBUTAMOL)','Viên',36),(296,'VENTOLIN INHALER','Bình',76379),(297,'VENTOLIN NEBULES','Ống',4575),(298,'VENTOLIN SYRUP','Chai',20885),(299,'COMBIVENT 3MG + 0,52MG X 2,5ML','Ống',16074),(300,'SERETIDE EVOHALER DC 25/125MCG','Lọ',225996),(301,'SERETIDE EVOHALER DC 25/250MCG','Lọ',278090),(302,'SERETIDE EVOHALER DC 25/125MCG','Bình',225996),(303,'SERETIDE EVOHALER DC 25/250MCG','Bình',278090),(304,'SERETIDE EVOHALER DC 25/50MCG','Bình',191139),(305,'SERETIDE ACCUHALER PWD 50 /250MCG','Lọ',259147),(306,'SERETIDE ACCUHALER 50/500MCG','Lọ',335928),(307,'FUMAFER B9 CORBIERE DAILY USE','Viên',1244),(308,'BIFERON','Viên',315),(309,'ZOLOFT','Viên',14087),(310,'SEVORANE','Chai',3578600),(311,'SORBITOL','Gói',372),(312,'SULPERAZONE','Lọ',205000),(313,'ARCATAMIN','Viên',1315),(314,'AGI-COTRIM F','Viên',408),(315,'SUXAMETHONIUM CHLORIDE','Ống',16000),(316,'TARGOCID','Lọ',430000),(317,'BRICANYL','Ống',11990),(318,'BRICANYL EXPECTORANT','Chai',23100),(319,'TERPIN CODEIN 10','Viên',257),(320,'THEOSTAT L.P 100MG','Viên',1636),(321,'THEOSTAT L.P 300MG','Viên',2579),(322,'VITICALAT','Lọ',98000),(323,'TYGACIL','Lọ',731000),(324,'SPIRIVA RESPIMAT','Hộp',1016387),(325,'ULTRACET','Viên',7999),(326,'VALACIN 1000','Lọ',105300),(327,'VALACIN 500','Lọ',59500),(328,'VALBIVI 1.0G','Lọ',77000),(329,'NAVELBINE','Ống',4398782),(330,'NAVELBINE','Ống',841764),(331,'NAVELBINE 20MG','Viên',1497598),(332,'NAVELBINE 30MG','Viên',2246091),(333,'VITAMIN B12','Ống',546),(334,'VITAMIN B6 50 MG','Viên',106),(335,'CEVIT 500','Ống',1365),(336,'BLAZTERE','Lọ',970000),(337,'ZOMETA 4MG','Lọ',6465882);
/*!40000 ALTER TABLE `thuoc` ENABLE KEYS */;
UNLOCK TABLES;
/*!40103 SET TIME_ZONE=@OLD_TIME_ZONE */;

/*!40101 SET SQL_MODE=@OLD_SQL_MODE */;
/*!40014 SET FOREIGN_KEY_CHECKS=@OLD_FOREIGN_KEY_CHECKS */;
/*!40014 SET UNIQUE_CHECKS=@OLD_UNIQUE_CHECKS */;
/*!40101 SET CHARACTER_SET_CLIENT=@OLD_CHARACTER_SET_CLIENT */;
/*!40101 SET CHARACTER_SET_RESULTS=@OLD_CHARACTER_SET_RESULTS */;
/*!40101 SET COLLATION_CONNECTION=@OLD_COLLATION_CONNECTION */;
/*!40111 SET SQL_NOTES=@OLD_SQL_NOTES */;

-- Dump completed on 2022-07-29  2:46:42
